{"cameraMode":{"drawMode":0,"name":"Shaded","section":"Shading Mode"},"sceneLighting":true,"audioPlay":false,"sceneViewState":{"m_AlwaysRefresh":false,"showFog":true,"showSkybox":true,"showFlares":true,"showImageEffects":true,"showParticleSystems":true,"showVisualEffectGraphs":true,"m_FxEnabled":true},"in2DMode":false,"pivot":{"x":1168.4373779296875,"y":448.65570068359377,"z":115.17864990234375},"rotation":{"x":0.27705827355384829,"y":-0.3606575131416321,"z":0.11311006546020508,"w":0.8834060430526733},"size":2782.374267578125,"orthographic":false}